grad_norm,P09:episode_rewards,clip_fraction,epoch_idx,P01:episode_rewards,policy_entropy,policy_loss,fps,value_loss,advantage_norm,explained_variance,approx_kl_divergence,PMM:episode_rewards,episode_length,frames
1190103525.1899152,262.5,0.5001953125,1,0.0,0.4308099390543855,0.05900349932708195,181,1412948849.3463888,15.968702059984206,-0.47708561792969706,4811070.498167934,109.61538461538461,363.53846153846155,10240
