policy_entropy,P01:episode_rewards,advantage_norm,explained_variance,grad_norm,value_loss,PMM:episode_rewards,clip_fraction,policy_loss,epoch_idx,fps,approx_kl_divergence,frames,P09:episode_rewards,episode_length
0.07412912898576057,50.0,15.968682450056075,-18.030683099478484,1171009254.7550468,1307625832.9231033,73.33333333333333,0.241552734375,0.06920183369529695,1,186,2015345.920042302,10240,100.0,621.8666666666667
