model_prob_std,epoch_idx,episode_length,avg_q_selected,policy_gradient_bias_correction,policy_gradient_loss,rollout_prob_std,avg_q_retraced,grad_norm,frames,policy_loss,advantage_norm,q_loss,explained_variance,fps,PMM:episode_rewards,P01:episode_rewards,policy_entropy,P09:episode_rewards
0.010239263654996951,1,0,-0.0009784200678647418,0.0,-0.00010328550324629759,0.010239263173813622,-0.0010642497396474936,0.05102326578591106,7200,-0.00010328550324629759,0.05101529856522878,0.0002048619493507431,-14.072965272267659,302,0.0,0.0,2.1845007379849752,0.0
