episode_length,policy_entropy,grad_norm,value_loss,epoch_idx,frames,P01:episode_rewards,clip_fraction,approx_kl_divergence,PMM:episode_rewards,explained_variance,advantage_norm,fps,P09:episode_rewards,policy_loss
606.5,0.2593348406094834,113592666.62395816,75339043.40399344,1,10240,0.0,0.1896240234375,225501.80082814378,71.42857142857143,-0.5990039177238942,15.968596929311753,172,117.50000000000003,0.03294513239525258
