q_loss,avg_q_selected,frames,fps,PMM:episode_rewards,grad_norm,episode_length,model_prob_std,avg_q_retraced,epoch_idx,explained_variance,policy_gradient_bias_correction,policy_gradient_loss,rollout_prob_std,advantage_norm,P01:episode_rewards,policy_loss,P09:episode_rewards,policy_entropy
0.00012401762821051914,0.0159567899381121,7200,238,0.0,0.014307262644636241,0,0.06794644010563691,0.015831905230879784,1,-3.165627861022949,0.0,-0.00039084981159855184,0.06794643675287565,0.09364925076564153,0.0,-0.00039084981159855184,0.0,2.0358961542447407
