clip_fraction,epoch_idx,advantage_norm,grad_norm,PMM:episode_rewards,fps,value_loss,P09:episode_rewards,P01:episode_rewards,episode_length,explained_variance,policy_entropy,approx_kl_divergence,policy_loss,frames
0.32490234375,1,15.968713861703872,995912254.2881283,85.52631578947368,162,1034810332.7468407,200.0,0.0,471.94736842105266,-0.11240495331585407,0.3078231678619824,6278758.57100532,0.060837455838463936,10240
